id,vesselName,companyName,platformName,voyageCount,multi
1,HAVILA AURORA,TOTAL,ELGIN,3,1
2,SKANDI BARRA,TOTAL,ELGIN,3,1
3,BOURBON MONSOON,BP,MARNOCK-SKUA (cond),3,1
4,BOURBON MONSOON,BP,MONAN,3,1
5,HAVILA COMMANDER,TOTAL,ELGIN,3,1
6,CALEDONIAN VIGILANCE,BP,MONAN,2,0
7,HAVILA AURORA,TOTAL,ELGIN,3,1
8,BOURBON MONSOON,BP,MARNOCK-SKUA (cond),3,1
9,HAVILA COMMANDER,TOTAL,ELGIN,3,1
10,HIGHLAND GUARDIAN,SHELL,GANNET A,2,1
11,OLYMPIC ORION,BP,MONAN,1,1
12,SKANDI CAPTAIN,CENTRICA,CHESTNUT,3,0
13,ISLAND CHALLENGER,BP,MARNOCK-SKUA (cond),3,1
14,ISLAND CHALLENGER,BP,MONAN,3,1
15,NAO FIGHTER,CONOCOPHILLIPS,ENOCHDHU,1,1
16,BOURBON MONSOON,BP,MARNOCK-SKUA (cond),3,1
17,BOURBON MONSOON,BP,MONAN,3,1
18,HAVILA AURORA,TOTAL,ELGIN,3,1
19,E.R.GEORGINA,CONOCOPHILLIPS,ENOCHDHU,1,1
20,ISLAND CHALLENGER,BP,MIRREN,2,1
21,ISLAND CHALLENGER,BP,MONAN,2,1
22,SKANDI BARRA,TOTAL,ELGIN,2,1
23,EDDA FERD,SHELL,GANNET A,3,1
24,KL BARENTSFJORD,APACHE,BRIMMOND,1,1
25,NAO FIGHTER,CONOCOPHILLIPS,ENOCHDHU,1,1
26,NAO PROTECTOR,BG,EVEREST,2,1
27,NAO PROTECTOR,BG,SEYMOUR,2,1
28,HAVILA COMMANDER,TOTAL,ELGIN,3,1
29,HAVILA AURORA,TOTAL,ELGIN,3,1
30,GRAMPIAN TALISKER,BP,MIRREN,2,1
31,GRAMPIAN TALISKER,BP,MONAN,2,1
32,BOURBON MONSOON,BP,MARNOCK-SKUA (cond),2,1
33,CALEDONIAN VIGILANCE,BP,MONAN,4,0
34,ISLAND CHALLENGER,BP,MONAN,1,1
35,E.R.GEORGINA,CONOCOPHILLIPS,ENOCHDHU,1,1
36,HIGHLAND GUARDIAN,SHELL,GANNET A,2,1
37,SKANDI BARRA,TOTAL,ELGIN,1,1
38,SKANDI FOULA,ENTERPRISE,NELSON,5,0
39,SKANDI FOULA,TOTAL,ELGIN,5,0
40,HAVILA COMMANDER,TOTAL,ELGIN,3,1
41,BOURBON MONSOON,BP,MARNOCK-SKUA (cond),2,1
42,ISLAND CHALLENGER,BP,MARNOCK-SKUA (cond),3,1
43,ISLAND CHALLENGER,BP,MONAN,3,1
44,VOS PACE,ANASURIA,TEAL SOUTH,2,1
45,VOS PACE,ANASURIA,TEAL,2,1
46,HAVILA AURORA,TOTAL,ELGIN,3,1
47,HIGHLAND GUARDIAN,SHELL,GANNET A,3,1
48,HIGHLAND GUARDIAN,BG,SEYMOUR,3,0
49,ISLAND CHALLENGER,BP,MARNOCK-SKUA (cond),2,1
50,SKANDI CAPTAIN,CENTRICA,CHESTNUT,3,0
51,SKANDI RONA,TOTAL,ELGIN,2,1
52,SKANDI FOULA,BG,EVEREST,1,1
53,NORMAND_IVAN,BG,EVEREST,1,1
54,SKANDI BARRA,TOTAL,ELGIN,3,1
55,HAVILA COMMANDER,TOTAL,ELGIN,3,1
56,BOURBON MONSOON,BP,MARNOCK-SKUA (cond),3,1
57,BOURBON MONSOON,REPSOL,BRECHIN,3,0
58,TROMS LYRA,SHELL,GANNET F,1,1
59,HAVILA AURORA,TOTAL,ELGIN,3,1
60,ISLAND CHAMPION,TOTAL,ELGIN,2,1
61,MAERSK LASER,BG,EVEREST,1,1
62,EDDA FRIGG,ENTERPRISE,NELSON,5,0
63,EDDA FRIGG,TOTAL,ELGIN,5,1
64,BOURBON BORGSTEIN,BP,MIRREN,3,1
65,BOURBON BORGSTEIN,BP,MONAN,3,1
66,AH  VALLETTA,BP,MIRREN,3,1
67,AH  VALLETTA,BP,MONAN,3,1
68,BOURBON MONSOON,BP,MARNOCK-SKUA (cond),3,1
69,SKANDI BARRA,TOTAL,ELGIN,3,1
70,E.R.GEORGINA,BG,FLEMING,3,1
71,E.R.GEORGINA,SHELL,GANNET A,3,0
72,HAVILA AURORA,TOTAL,ELGIN,3,1
73,SAYAN PRINCESS,ENTERPRISE,NELSON,1,1
74,OCEAN TROLL,SHELL,GANNET C,8,1
75,OCEAN TROLL,TOTAL,ELGIN,8,0
76,OCEAN TROLL,NEXEN,GOLDEN EAGLE,8,0
77,HAVILA COMMANDER,TOTAL,ELGIN,3,1
78,BOURBON MONSOON,BP,MARNOCK-SKUA (cond),4,1
79,BOURBON MONSOON,BP,MONAN,4,1
80,SKANDI RONA,TOTAL,ELGIN,2,1
81,ISLAND CHALLENGER,BP,MARNOCK-SKUA (cond),3,1
82,HAVILA AURORA,TOTAL,ELGIN,3,1
83,BOURBON MONSOON,BP,MARNOCK-SKUA (cond),4,1
84,BOURBON MONSOON,REPSOL,BRECHIN,4,0
85,SKANDI BARRA,TOTAL,ELGIN,3,1
86,SKANDI OLYMPIA,REPSOL,BUCHAN,3,1
87,SKANDI FOULA,TOTAL,ELGIN,2,1
88,SKANDI RONA,TOTAL,ELGIN,2,1
89,HAVILA COMMANDER,BP,MADOES,4,1
90,HAVILA COMMANDER,TOTAL,ELGIN,4,0
91,NORMAND AURORA,TOTAL,ELGIN,3,1
92,CALEDONIAN VIGILANCE,BP,MARNOCK-SKUA (cond),3,1
93,FAR SCOTSMAN,TOTAL,ELGIN,3,1
94,E.R.GEORGINA,SHELL,GANNET A,3,1
95,E.R.GEORGINA,BG,EVEREST,3,0
96,E.R.GEORGINA,BG,SEYMOUR,3,0
97,BOURBON MONSOON,BP,MARNOCK-SKUA (cond),2,1
98,SKANDI BARRA,TOTAL,ELGIN,2,1
99,HIGHLAND GUARDIAN,TOTAL,ELGIN,1,1
100,EDDA FERD,SHELL,GANNET A,5,0
101,EDDA FERD,ENTERPRISE,NELSON,5,0
102,EDDA FERD,BG,EVEREST,5,0
103,EDDA FERD,BG,SEYMOUR,5,0
104,HAVILA AURORA,TOTAL,ELGIN,3,1
105,VOS SENTINEL,REPSOL,BUCHAN,1,1
106,EDT HERCULES,ENQUEST,SCOLTY,4,0
107,EDT HERCULES,ENQUEST,KITTIWAKE,4,0
108,EDT HERCULES,ENQUEST,CRATHES,4,0
109,BOURBON MONSOON,BP,MARNOCK-SKUA (cond),3,1
110,HAVILA COMMANDER,TOTAL,ELGIN,3,1
111,SAYAN PRINCESS,CENTRICA,CHESTNUT,1,1
112,HAVILA AURORA,TOTAL,ELGIN,2,1
113,HIGHLAND_VALOUR,SHELL,SCOTER (oil),3,0
114,SKANDI FOULA,TOTAL,ELGIN,2,0
115,DEMAREST TIDE,PREMIER,HUNTINGTON,3,1
116,EDDA FERD,ENTERPRISE,NELSON,3,1
117,BOURBON MONSOON,BP,MARNOCK-SKUA (cond),2,1
118,SKANDI BARRA,TOTAL,ELGIN,2,1
119,SKANDI FOULA,BG,FLEMING,3,1
120,SKANDI FOULA,BG,EVEREST,3,1
121,SKANDI FOULA,BG,SEYMOUR,3,1
122,ISLAND CHALLENGER,BP,MARNOCK-SKUA (cond),2,1
123,EDDA FERD,ENTERPRISE,NELSON,1,1
124,NORMAND AURORA,TOTAL,ELGIN,1,1
125,HAVILA COMMANDER,TOTAL,ELGIN,3,1
126,SKANDI OLYMPIA,REPSOL,TWEEDSMUIR,13,1
127,SKANDI OLYMPIA,REPSOL,CARNOUSTIE,13,1
128,HAVILA COMMANDER,TOTAL,ELGIN,1,1
129,SKANDI BARRA,TOTAL,ELGIN,1,1
130,ISLAND CHALLENGER,BP,MARNOCK-SKUA (cond),1,1
131,OCEAN TROLL,SHELL,GANNET E,9,1
132,OCEAN TROLL,SHELL,GANNET C,9,1
133,OCEAN TROLL,SHELL,GANNET A,9,1
134,OCEAN TROLL,TOTAL,ELGIN,9,0
135,EDDA FERD,SHELL,GANNET A,4,1
136,EDDA FERD,ENTERPRISE,NELSON,4,0
137,EDDA FERD,BG,EVEREST,4,0
138,EDDA FERD,BG,SEYMOUR,4,0
139,EDDA FRENDE,NEXEN,GOLDEN EAGLE,1,1
140,VOS PACE,ANASURIA,TEAL SOUTH,1,1
141,NAO FIGHTER,TOTAL,ELGIN,2,1
142,CALEDONIAN VIGILANCE,BP,MARNOCK-SKUA (cond),1,1
143,HAVILA COMMANDER,TOTAL,ELGIN,2,1
144,DEMAREST TIDE,CENTRICA,CHESTNUT,4,1
145,HAVILA AURORA,TOTAL,ELGIN,1,1
146,OLYMPIC ZEUS,SHELL,MERGANSER,3,1
147,OLYMPIC ZEUS,SHELL,HERON,3,1
148,SKANDI BARRA,TOTAL,ELGIN,1,1
149,NORMAND AURORA,TOTAL,ELGIN,1,1
150,HAVILA AURORA,TOTAL,ELGIN,1,1
151,HAVILA COMMANDER,TOTAL,ELGIN,2,1
152,VOS PACE,ANASURIA,TEAL SOUTH,1,1
153,EDDA FRAM,ENTERPRISE,NELSON,4,1
154,EDDA FRAM,BG,EVEREST,4,0
155,EDDA FRAM,BG,SEYMOUR,4,0
156,E.R.GEORGINA,SHELL,MERGANSER,1,1
157,EDDA FRAM,SHELL,GANNET A,1,1
158,CALEDONIAN VIGILANCE,BP,MARNOCK-SKUA (cond),2,1
159,SKANDI BARRA,TOTAL,ELGIN,1,1
160,VOS SENTINEL,REPSOL,TWEEDSMUIR SOUTH,2,1
161,VOS SENTINEL,REPSOL,BUCHAN,2,1
162,SAYAN PRINCESS,CENTRICA,CHESTNUT,1,1
163,EDDA FRENDE,TOTAL,ELGIN,4,1
164,HAVILA AURORA,TOTAL,ELGIN,2,1
165,NORMAND AURORA,TOTAL,ELGIN,3,1
166,HIGHLAND GUARDIAN,SHELL,GANNET F,1,1
167,SKANDI FOULA,SHELL,GANNET F,1,1
168,VOS PACE,ANASURIA,TEAL SOUTH,2,1
169,E.R.GEORGINA,SHELL,MERGANSER,2,1
170,E.R.GEORGINA,SHELL,HERON,2,1
171,EDDA FRAM,SHELL,GANNET A,5,1
172,EDDA FRAM,ENTERPRISE,NELSON,5,0
173,EDDA FRAM,BG,HAWKINS,5,0
174,EDDA FRAM,BG,EVEREST,5,0
175,EDDA FRAM,BG,SEYMOUR,5,0
176,HAVILA BORG,ENQUEST,KITTIWAKE,1,1
177,PACIFIC LEGEND,TOTAL,ELGIN,3,1
178,CALEDONIAN VIGILANCE,BP,MARNOCK-SKUA (cond),3,1
179,HAVILA COMMANDER,TOTAL,ELGIN,2,1
180,SKANDI BARRA,TOTAL,ELGIN,1,1
181,NORMAND AURORA,TOTAL,ELGIN,1,1
182,DEMAREST TIDE,PREMIER,HUNTINGTON,2,1
183,PACIFIC LEGEND,ENTERPRISE,NELSON,1,1
184,HIGHLAND GUARDIAN,BG,EVEREST,2,1
185,HIGHLAND GUARDIAN,BG,SEYMOUR,2,1
186,E.R.GEORGINA,SHELL,MERGANSER,1,1
187,BOURBON MONSOON,BP,MARNOCK-SKUA (cond),4,1
188,SKANDI BARRA,TOTAL,ELGIN,1,1
189,E.R.GEORGINA,SHELL,MERGANSER,1,1
190,OLYMPIC BIBBY,ENQUEST,GOOSANDER,15,0
191,OLYMPIC BIBBY,ENQUEST,GROUSE,15,0
192,OLYMPIC BIBBY,BP,MARNOCK-SKUA (cond),15,0
193,OLYMPIC BIBBY,ENQUEST,GADWALL,15,0
194,OLYMPIC BIBBY,ENQUEST,KITTIWAKE,15,0
195,OCEAN TROLL,NEXEN,BUZZARD,9,0
196,OCEAN TROLL,TOTAL,ELGIN,9,0
197,OCEAN TROLL,NEXEN,GOLDEN EAGLE,9,0
198,SKANDI FOULA,ENTERPRISE,NELSON,1,1
199,EDDA FRAM,BG,FLEMING,3,1
200,EDDA FRAM,BG,HAWKINS,3,1
201,EDDA FRAM,BG,SEYMOUR,3,1
202,SKANDI BARRA,TOTAL,ELGIN,1,1
203,NAO FIGHTER,ENTERPRISE,NELSON,1,1
204,SKANDI FOULA,BG,EVEREST,1,1
205,DEMAREST TIDE,SHELL,MERGANSER,5,1
206,DEMAREST TIDE,SHELL,HERON,5,1
207,DEMAREST TIDE,SHELL,SCOTER (oil),5,1
208,DEMAREST TIDE,BP,MIRREN,5,0
209,DEMAREST TIDE,BP,MARNOCK-SKUA (cond),5,0
210,CALEDONIAN VIGILANCE,CENTRICA,CHESTNUT,2,1
211,HAVILA COMMANDER,TOTAL,ELGIN,2,1
212,SKANDI RONA,ENTERPRISE,HOWE,4,1
213,SKANDI RONA,ENTERPRISE,NELSON,4,1
214,SKANDI RONA,BG,EVEREST,4,0
215,SKANDI FOULA,BG,HAWKINS,2,1
216,SKANDI FOULA,BG,EVEREST,2,1
217,HIGHLAND GUARDIAN,BG,SEYMOUR,1,1
218,VOS PARADISE,ANASURIA,TEAL SOUTH,1,1
219,HAVILA AURORA,TOTAL,ELGIN,1,1
220,BOURBON MONSOON,BP,MARNOCK-SKUA (oil),3,1
221,DEMAREST TIDE,SHELL,MERGANSER,1,1
222,SKANDI BARRA,TOTAL,ELGIN,1,1
223,OLYMPIC BIBBY,CENTRICA,CHESTNUT,4,1
224,NORMAND AURORA,TOTAL,ELGIN,4,1
225,SEA TANTALUS,NEXEN,BUZZARD,2,1
226,SEA TANTALUS,NEXEN,GOLDEN EAGLE,2,1
227,VOS SENTINEL,REPSOL,BUCHAN,1,1
228,DEMAREST TIDE,SHELL,MERGANSER,2,1
229,DEMAREST TIDE,BP,MIRREN,2,0
230,BOURBON MONSOON,BP,MARNOCK-SKUA (cond),3,1
231,E.R.GEORGINA,SHELL,MERGANSER,2,1
232,E.R.GEORGINA,SHELL,HERON,2,1
233,DEMAREST TIDE,SHELL,MERGANSER,1,1
234,EDDA FRAM,BG,FLEMING,4,1
235,EDDA FRAM,BG,HAWKINS,4,1
236,EDDA FRAM,BG,EVEREST,4,1
237,EDDA FRAM,BG,SEYMOUR,4,1
238,BOURBON MONSOON,REPSOL,BRECHIN,3,0
239,NORMAND AURORA,TOTAL,ELGIN,1,1
240,DEMAREST TIDE,SHELL,MERGANSER,1,1
241,BOURBON MONSOON,BP,MARNOCK-SKUA (cond),1,1
242,NAO STORM,SHELL,GANNET A,3,1
243,NAO STORM,BG,EVEREST,3,0
244,NAO STORM,BG,SEYMOUR,3,0
245,MAERSK LASER,NEXEN,GOLDEN EAGLE,2,0
246,OCEAN TROLL,SHELL,GANNET E,9,1
247,OCEAN TROLL,SHELL,GANNET A,9,1
248,OCEAN TROLL,NEXEN,BUZZARD,9,0
249,OCEAN TROLL,ANASURIA,TEAL SOUTH,9,0
250,OCEAN TROLL,NEXEN,GOLDEN EAGLE,9,0
251,OCEAN TROLL,DANA,GUILLEMOT WEST,9,0
252,OCEAN TROLL,ANASURIA,GUILLEMOT A,9,0
253,FS PEGASUS,ENQUEST,KITTIWAKE,1,1
254,NOR SOLAN,PREMIER,HUNTINGTON,1,1
255,BOURBON MONSOON,BP,MARNOCK-SKUA (cond),4,1
256,EDDA FRAM,BG,EVEREST,1,1
257,HIGHLAND GUARDIAN,BG,SEYMOUR,1,1
258,VOS PACE,ANASURIA,TEAL SOUTH,1,1
259,SKANDI BARRA,TOTAL,ELGIN,1,1
260,VOS SENTINEL,REPSOL,BUCHAN,1,1
261,E.R.GEORGINA,SHELL,MERGANSER,1,1
262,HAVILA COMMANDER,TOTAL,ELGIN,1,1
263,BOURBON MONSOON,BP,MIRREN,5,1
264,BOURBON MONSOON,REPSOL,CAYLEY,5,0
265,BOURBON MONSOON,BP,MARNOCK-SKUA (cond),5,1
266,BEN NEVIS,CENTRICA,CHESTNUT,3,1
267,EDDA FRAM,BG,HAWKINS,3,1
268,EDDA FRAM,BG,EVEREST,3,1
269,EDDA FRAM,BG,SEYMOUR,3,1
270,OLYMPIC BIBBY,APACHE,MAULE,10,0
271,NORMAND_IVAN,BG,EVEREST,1,1
272,SKANDI SOTRA,BG,SEYMOUR,1,1
273,NS IONA,BP,MARNOCK-SKUA (cond),2,1
274,HAVILA AURORA,TOTAL,ELGIN,1,1
275,HAVILA COMMANDER,TOTAL,ELGIN,1,1
276,PACIFIC LEGEND,SHELL,MERGANSER,2,1
277,PACIFIC LEGEND,SHELL,HERON,2,1
278,EDDA FRAM,SHELL,GANNET A,1,1
279,SKANDI BARRA,TOTAL,ELGIN,1,1
280,NS IONA,BP,MARNOCK-SKUA (cond),3,1
281,VOS PACE,ANASURIA,TEAL SOUTH,2,0
282,HIGHLAND GUARDIAN,ENTERPRISE,NELSON,3,1
283,HIGHLAND GUARDIAN,BG,EVEREST,3,0
284,HIGHLAND GUARDIAN,BG,HAWKINS,3,0
285,EDDA FRAM,BG,EVEREST,1,1
286,E.R.GEORGINA,SHELL,MERGANSER,3,1
287,E.R.GEORGINA,SHELL,EGRET,3,1
288,E.R.GEORGINA,SHELL,HERON,3,1
289,HAVILA COMMANDER,TOTAL,ELGIN,1,1
290,SEA TANTALUS,CENTRICA,CHESTNUT,1,1
291,HAVILA BORG,ENQUEST,KITTIWAKE,1,1
292,NAO GUARDIAN,APACHE,MAULE,3,1
293,HIGHLAND GUARDIAN,SHELL,GANNET A,1,1
294,OLYMPIC ORION,CONOCOPHILLIPS,BRODGAR,2,1
295,E.R.GEORGINA,SHELL,MERGANSER,1,1
296,SKANDI BARRA,TOTAL,ELGIN,1,1
297,SKANDI FOULA,SHELL,GANNET A,2,1
298,SKANDI FOULA,ENTERPRISE,NELSON,2,0
299,SKANDI BARRA,TOTAL,ELGIN,1,1
300,EDDA FRAM,BG,EVEREST,2,1
301,NS IONA,BP,MARNOCK-SKUA (cond),2,1
302,VOS PACE,ANASURIA,TEAL SOUTH,2,1
303,MAERSK LASER,BG,EVEREST,1,1
304,NORMAND AURORA,TOTAL,ELGIN,1,1
305,HAVILA COMMANDER,TOTAL,ELGIN,1,1
306,VOS PARTNER,APACHE,MAULE,7,0
307,VOS PARTNER,APACHE,FORTIES,7,0
308,VOS PARTNER,APACHE,BRIMMOND,7,0
309,VESTLAND MIRA,ENQUEST,KITTIWAKE,3,1
310,OLYMPUS,TOTAL,ELGIN,1,1
311,E.R.GEORGINA,SHELL,MERGANSER,2,1
312,E.R.GEORGINA,SHELL,HERON,2,1
313,SKANDI FOULA,SHELL,GANNET A,3,1
314,SKANDI FOULA,ENTERPRISE,NELSON,3,0
315,SKANDI FOULA,BG,EVEREST,3,0
316,OCEAN TROLL,BP,MADOES,3,1
317,OCEAN TROLL,NEXEN,BUZZARD,3,0
318,VOS PACE,ANASURIA,TEAL SOUTH,2,1
319,HAVILA COMMANDER,TOTAL,ELGIN,1,1
320,BEN NEVIS,CENTRICA,CHESTNUT,1,1
321,SKANDI FOULA,ENTERPRISE,NELSON,2,1
322,SKANDI FOULA,BG,EVEREST,2,0
323,CALEDONIAN VIGILANCE,BP,MIRREN,5,1
324,CALEDONIAN VIGILANCE,BP,MARNOCK-SKUA (cond),5,1
325,CALEDONIAN VIGILANCE,REPSOL,BRECHIN,5,0
326,NORTH PROMISE,SHELL,GANNET A,4,1
327,NORTH PROMISE,ENTERPRISE,NELSON,4,0
328,NORTH PROMISE,BG,EVEREST,4,0
329,VOS PACE,ANASURIA,TEAL SOUTH,2,0
330,TROMS LYRA,PREMIER,HUNTINGTON,3,1
331,HIGHLAND GUARDIAN,SHELL,GANNET A,3,1
332,HIGHLAND GUARDIAN,ENTERPRISE,NELSON,3,0
333,HIGHLAND GUARDIAN,BG,SEYMOUR,3,0
334,SKANDI FOULA,BG,EVEREST,1,1
335,SKANDI BARRA,TOTAL,ELGIN,1,1
336,EDDA FRAM,TOTAL,ELGIN,2,1
337,FS PEGASUS,CENTRICA,CHESTNUT,1,1
338,GRAMPIAN TALISKER,BP,MARNOCK-SKUA (cond),3,1
339,E.R.GEORGINA,SHELL,MERGANSER,1,1
340,PACIFIC LEGEND,SHELL,MERGANSER,5,1
341,PACIFIC LEGEND,SHELL,EGRET,5,1
342,PACIFIC LEGEND,SHELL,HERON,5,1
343,PACIFIC LEGEND,BP,MIRREN,5,0
344,PACIFIC LEGEND,SHELL,SCOTER (oil),5,1
345,HAVILA COMMANDER,TOTAL,ELGIN,1,1
346,VOS PACE,ANASURIA,TEAL SOUTH,1,1
347,HIGHLAND GUARDIAN,ENTERPRISE,NELSON,3,1
348,HIGHLAND GUARDIAN,BG,EVEREST,3,0
349,HIGHLAND GUARDIAN,BG,SEYMOUR,3,0
350,NORMAND AURORA,TOTAL,ELGIN,1,1
351,FS PEGASUS,CENTRICA,CHESTNUT,1,1
352,HAVILA BORG,TOTAL,ELGIN,1,1
353,SKANDI BARRA,TOTAL,ELGIN,1,1
354,HAVILA COMMANDER,TOTAL,ELGIN,1,1
355,VOS SENTINEL,REPSOL,BUCHAN,1,1
356,GRAMPIAN TALISKER,BP,MARNOCK-SKUA (cond),2,1
357,GRAMPIAN TALISKER,REPSOL,BRECHIN,2,0
358,SAYAN PRINCESS,ANASURIA,TEAL SOUTH,1,1
359,HIGHLAND GUARDIAN,SHELL,GANNET A,4,1
360,HIGHLAND GUARDIAN,ENTERPRISE,NELSON,4,0
361,HIGHLAND GUARDIAN,BG,EVEREST,4,0
362,CALEDONIAN VIGILANCE,BP,MARNOCK-SKUA (cond),1,1
363,HAVILA COMMANDER,TOTAL,ELGIN,1,1
364,NAO GUARDIAN,ENQUEST,KITTIWAKE,2,0
365,HAVILA BORG,TOTAL,ELGIN,2,1
366,NORTH PROMISE,CENTRICA,CHESTNUT,1,1
367,EDDA FRAM,SHELL,GANNET A,2,1
368,PACIFIC LEGEND,SHELL,MERGANSER,5,1
369,PACIFIC LEGEND,SHELL,EGRET,5,1
370,PACIFIC LEGEND,SHELL,HERON,5,1
371,PACIFIC LEGEND,BP,MIRREN,5,0
372,PACIFIC LEGEND,SHELL,SCOTER (oil),5,1
373,E.R.GEORGINA,SHELL,MERGANSER,1,1
374,SAYAN PRINCESS,PREMIER,HUNTINGTON,3,1
375,CALEDONIAN VIGILANCE,BP,MARNOCK-SKUA (cond),3,1
376,SKANDI BARRA,TOTAL,ELGIN,1,1
377,HIGHLAND GUARDIAN,SHELL,GANNET A,4,1
378,HIGHLAND GUARDIAN,ENTERPRISE,NELSON,4,0
379,HIGHLAND GUARDIAN,BG,EVEREST,4,0
380,HIGHLAND GUARDIAN,BG,SEYMOUR,4,0
381,VOS PACE,ANASURIA,TEAL SOUTH,2,0
382,HAVILA COMMANDER,TOTAL,ELGIN,1,1
383,HAVILA AURORA,TOTAL,ELGIN,1,1
384,SKANDI FOULA,SHELL,GANNET A,2,1
385,CALEDONIAN VIGILANCE,BP,MARNOCK-SKUA (cond),4,1
386,MAKALU,PREMIER,HUNTINGTON,3,1
387,NAO GUARDIAN,ENQUEST,KITTIWAKE,1,1
388,VOS PARADISE,TOTAL,ELGIN,1,1
389,OLYMPUS,CENTRICA,CHESTNUT,1,1
390,E.R.GEORGINA,SHELL,MERGANSER,1,1
391,HIGHLAND GUARDIAN,ENTERPRISE,NELSON,1,1
392,EDDA FERD,SHELL,GANNET A,1,1
393,PACIFIC LEGEND,SHELL,MERGANSER,1,1
394,GRAMPIAN TALISKER,CENTRICA,CHESTNUT,2,1
395,GRAMPIAN TALISMAN,BP,MARNOCK-SKUA (oil),5,1
396,GRAMPIAN TALISMAN,BP,MIRREN,5,1
397,GRAMPIAN TALISMAN,BP,MARNOCK-SKUA (cond),5,1
398,GRAMPIAN TALISMAN,REPSOL,BRECHIN,5,0
399,GRAMPIAN TALISMAN,BP,MONAN,5,1
400,HAVILA AURORA,TOTAL,ELGIN,1,1
401,VOS PACE,ANASURIA,TEAL,3,1
402,VOS PACE,ANASURIA,TEAL SOUTH,3,1
403,PACIFIC LEGEND,SHELL,MERGANSER,1,1
404,HIGHLAND GUARDIAN,SHELL,GANNET A,2,1
405,HIGHLAND GUARDIAN,ENTERPRISE,NELSON,2,0
406,VOS PARADISE,BG,EVEREST,3,1
407,VOS PARADISE,BG,SEYMOUR,3,1
408,CALEDONIAN VIGILANCE,BP,MARNOCK-SKUA (cond),3,1
409,SKANDI BARRA,TOTAL,ELGIN,1,1
410,SKANDI CALEDONIA,APACHE,MAULE,9,1
411,SKANDI CALEDONIA,NEXEN,BUZZARD,9,0
412,E.R.GEORGINA,SHELL,MERGANSER,1,1
413,MAKALU,PREMIER,HUNTINGTON,3,1
414,HIGHLAND GUARDIAN,ENQUEST,MALLARD,4,1
415,HIGHLAND GUARDIAN,SHELL,GANNET A,4,0
416,HIGHLAND GUARDIAN,ENTERPRISE,NELSON,4,0
417,HIGHLAND GUARDIAN,BG,EVEREST,4,0
418,CALEDONIAN VIGILANCE,BP,MARNOCK-SKUA (cond),3,1
419,CALEDONIAN VIGILANCE,REPSOL,BRECHIN,3,0
420,NORTH PROMISE,NEXEN,BUZZARD,2,1
421,TROMS LYRA,CENTRICA,CHESTNUT,2,1
422,VOS PACE,ANASURIA,TEAL,3,0
423,VOS PACE,ANASURIA,TEAL SOUTH,3,0
424,HAVILA COMMANDER,TOTAL,ELGIN,1,1
425,SKANDI BARRA,TOTAL,ELGIN,1,1
426,SKANDI RONA,SHELL,GANNET A,1,1
427,NORTH PROMISE,SHELL,GANNET A,1,1
428,HIGHLAND GUARDIAN,SHELL,GANNET A,3,1
429,HIGHLAND GUARDIAN,ENTERPRISE,NELSON,3,0
430,HIGHLAND GUARDIAN,BG,EVEREST,3,0
431,PACIFIC LEGEND,SHELL,MERGANSER,2,1
432,PACIFIC LEGEND,SHELL,SCOTER (oil),2,1
433,GRAMPIAN TALISKER,CENTRICA,CHESTNUT,2,1
434,E.R.GEORGINA,SHELL,MERGANSER,1,1
435,CALEDONIAN VIGILANCE,BP,MARNOCK-SKUA (cond),3,1
436,CALEDONIAN VIGILANCE,REPSOL,BRECHIN,3,0
437,VOS PACE,ANASURIA,TEAL SOUTH,1,1
438,NORTH PROMISE,SHELL,GANNET A,3,1
439,NORTH PROMISE,ENTERPRISE,NELSON,3,0
440,NORTH PROMISE,BG,SEYMOUR,3,0
441,SKANDI CALEDONIA,APACHE,MAULE,2,1
442,SKANDI CALEDONIA,APACHE,BRIMMOND,2,1
443,OCEAN TROLL,SHELL,GANNET E,9,1
444,OCEAN TROLL,SHELL,GANNET F,9,1
445,OCEAN TROLL,SHELL,GANNET C,9,1
446,OCEAN TROLL,NEXEN,BUZZARD,9,0
447,OCEAN TROLL,ANASURIA,TEAL SOUTH,9,0
448,MAKALU,PREMIER,HUNTINGTON,2,1
449,EDDA FERD,BG,EVEREST,4,1
450,CALEDONIAN VIGILANCE,BP,MARNOCK-SKUA (cond),2,1
451,SKANDI BARRA,TOTAL,ELGIN,1,1
452,BEN NEVIS,CENTRICA,CHESTNUT,1,1
453,SAYAN PRINCESS,TOTAL,ELGIN,1,1
454,PACIFIC LEGEND,SHELL,MERGANSER,1,1
455,VOS PACE,ANASURIA,TEAL SOUTH,1,1
456,FS PEGASUS,SHELL,MERGANSER,2,1
457,FS PEGASUS,SHELL,HERON,2,1
458,MAKALU,PREMIER,HUNTINGTON,4,1
459,HAVILA COMMANDER,TOTAL,ELGIN,1,1
460,NAO POWER,SHELL,GANNET A,5,1
461,NAO POWER,ENTERPRISE,NELSON,5,0
462,NAO POWER,BG,EVEREST,5,0
463,NAO POWER,TOTAL,ELGIN,5,0
464,NAO POWER,BG,SEYMOUR,5,0
465,CALEDONIAN VIGILANCE,BP,MARNOCK-SKUA (cond),5,1
466,CALEDONIAN VIGILANCE,REPSOL,BRECHIN,5,0
467,E.R.GEORGINA,SHELL,MERGANSER,1,1
468,GRAMPIAN TALISMAN,BP,MARNOCK-SKUA (oil),5,1
469,GRAMPIAN TALISMAN,BP,MIRREN,5,1
470,GRAMPIAN TALISMAN,BP,MARNOCK-SKUA (cond),5,1
471,GRAMPIAN TALISMAN,REPSOL,BRECHIN,5,0
472,GRAMPIAN TALISMAN,BP,MONAN,5,1
473,SAYAN PRINCESS,TOTAL,ELGIN,1,1
474,GRAMPIAN TALISKER,CENTRICA,CHESTNUT,2,1
475,VOS PACE,ANASURIA,TEAL SOUTH,1,1
476,SKANDI MARSTEIN,NEXEN,BUZZARD,3,1
477,SKANDI MARSTEIN,NEXEN,GOLDEN EAGLE,3,1
478,VOS SENTINEL,REPSOL,TWEEDSMUIR SOUTH,2,1
479,VOS SENTINEL,REPSOL,BUCHAN,2,1
480,E.R. ATHINA,SHELL,MERGANSER,1,1
481,SKANDI FOULA,SHELL,GANNET A,4,1
482,SKANDI FOULA,ENTERPRISE,NELSON,4,0
483,SKANDI FOULA,BG,HAWKINS,4,0
484,SKANDI FOULA,BG,EVEREST,4,0
485,HAVILA COMMANDER,TOTAL,ELGIN,1,1
486,SKANDI BARRA,TOTAL,ELGIN,1,1
487,PACIFIC LEADER,TOTAL,ELGIN,1,1
488,EDDA FERD,TOTAL,ELGIN,5,1
489,GRAMPIAN TALISKER,BP,MARNOCK-SKUA (oil),3,1
490,GRAMPIAN TALISKER,BP,MARNOCK-SKUA (cond),3,1
491,GRAMPIAN TALISKER,REPSOL,BRECHIN,3,0
492,SAYAN PRINCESS,TOTAL,ELGIN,1,1
493,SKANDI FOULA,SHELL,GANNET A,3,1
494,SKANDI FOULA,ENTERPRISE,NELSON,3,0
495,SKANDI FOULA,BG,HAWKINS,3,0
496,MAKALU,PREMIER,HUNTINGTON,4,1
497,VOS PARADISE,SHELL,MERGANSER,2,1
498,VOS PARADISE,SHELL,HERON,2,1
499,SKANDI BARRA,TOTAL,ELGIN,1,1
500,SKANDI FOULA,BG,EVEREST,1,1
501,SAYAN PRINCESS,TOTAL,ELGIN,1,1
502,PACIFIC LEADER,ANASURIA,TEAL,2,1
503,PACIFIC LEADER,ANASURIA,TEAL SOUTH,2,1
504,NORTH PROMISE,SHELL,MERGANSER,2,1
505,NORTH PROMISE,BP,MIRREN,2,0
506,E.R.GEORGINA,SHELL,MERGANSER,6,1
507,E.R.GEORGINA,BP,MARNOCK-SKUA (oil),6,0
508,E.R.GEORGINA,SHELL,EGRET,6,1
509,E.R.GEORGINA,SHELL,HERON,6,1
510,E.R.GEORGINA,SHELL,SCOTER (oil),6,1
511,E.R.GEORGINA,BP,MIRREN,6,0
512,FS PEGASUS,TOTAL,ELGIN,1,1
513,SCOTIA,BP,MIRREN,1,1
514,SKANDI FOULA,ENTERPRISE,NELSON,3,1
515,SKANDI FOULA,BG,HAWKINS,3,0
516,SKANDI FOULA,BG,SEYMOUR,3,0
517,VOS PARADISE,ANASURIA,TEAL SOUTH,2,0
518,FS PEGASUS,TOTAL,ELGIN,2,1
519,E.R.GEORGINA,SHELL,MERGANSER,3,1
520,E.R.GEORGINA,SHELL,EGRET,3,1
521,E.R.GEORGINA,SHELL,HERON,3,1
522,PACIFIC LEGEND,CENTRICA,CHESTNUT,2,0
523,SKANDI BARRA,TOTAL,ELGIN,1,1
524,HIGHLAND GUARDIAN,SHELL,GANNET A,3,1
525,HIGHLAND GUARDIAN,TOTAL,ELGIN,3,0
526,CALEDONIAN VIGILANCE,BP,MARNOCK-SKUA (cond),6,1
527,CALEDONIAN VIGILANCE,REPSOL,BRECHIN,6,0
528,HAVILA COMMANDER,TOTAL,ELGIN,1,1
529,BEN NEVIS,PREMIER,HUNTINGTON,3,1
530,OCEAN TROLL,SHELL,GANNET E,5,1
531,OCEAN TROLL,SHELL,GANNET C,5,1
532,OCEAN TROLL,TOTAL,ELGIN,5,0
533,OCEAN TROLL,DANA,GUILLEMOT WEST,5,0
534,PACIFIC LEGEND,CENTRICA,CHESTNUT,2,1
535,SKANDI FOULA,ENTERPRISE,NELSON,2,1
536,SKANDI FOULA,BG,EVEREST,2,0
537,SKANDI OLYMPIA,ANASURIA,TEAL SOUTH,1,1
538,SKANDI MARSTEIN,SHELL,MERGANSER,2,1
539,SKANDI MARSTEIN,SHELL,HERON,2,1
540,SKANDI BARRA,TOTAL,ELGIN,1,1
541,SKANDI MARSTEIN,SHELL,MERGANSER,2,1
542,SKANDI MARSTEIN,SHELL,HERON,2,1
543,CALEDONIAN VIGILANCE,BP,MARNOCK-SKUA (cond),5,1
544,CALEDONIAN VIGILANCE,REPSOL,BRECHIN,5,0
545,NAO THUNDER,TOTAL,ELGIN,1,1
546,VOS PACE,ANASURIA,TEAL SOUTH,2,1
547,E.R.GEORGINA,SHELL,MERGANSER,1,1
548,HAVILA COMMANDER,TOTAL,ELGIN,1,1
549,SKANDI BARRA,TOTAL,ELGIN,1,1
550,GRAMPIAN TALISMAN,BP,MARNOCK-SKUA (oil),4,1
551,GRAMPIAN TALISMAN,BP,MIRREN,4,1
552,GRAMPIAN TALISMAN,BP,MARNOCK-SKUA (cond),4,1
553,GRAMPIAN TALISMAN,REPSOL,BRECHIN,4,0
554,HIGHLAND GUARDIAN,SHELL,GANNET A,3,1
555,HIGHLAND GUARDIAN,ENTERPRISE,NELSON,3,0
556,HIGHLAND GUARDIAN,BG,EVEREST,3,0
557,E.R.GEORGINA,SHELL,MERGANSER,2,1
558,E.R.GEORGINA,SHELL,HERON,2,1
559,NORTH PROMISE,SHELL,GANNET A,2,1
560,NORTH PROMISE,ENTERPRISE,NELSON,2,0
561,PACIFIC LEGEND,ANASURIA,TEAL SOUTH,1,1
562,BEN NEVIS,CENTRICA,CHESTNUT,1,1
563,GRAMPIAN TALISKER,CENTRICA,CHESTNUT,2,1
564,MAKALU,SHELL,MERGANSER,3,1
565,MAKALU,SHELL,HERON,3,1
566,MAKALU,BP,MIRREN,3,0
567,VOS SENTINEL,REPSOL,BUCHAN,1,1
568,SKANDI FOULA,SHELL,GANNET A,2,1
569,PACIFIC LEADER,APACHE,MAULE,1,1
570,SKANDI RONA,SHELL,GANNET A,1,1
571,E.R.GEORGINA,SHELL,MERGANSER,2,1
572,E.R.GEORGINA,SHELL,HERON,2,1
573,GRAMPIAN TALISKER,BP,MARNOCK-SKUA (oil),5,1
574,GRAMPIAN TALISKER,BP,MARNOCK-SKUA (cond),5,1
575,GRAMPIAN TALISKER,REPSOL,BRECHIN,5,0
576,HIGHLAND GUARDIAN,SHELL,GANNET A,4,1
577,HIGHLAND GUARDIAN,ENTERPRISE,NELSON,4,0
578,HIGHLAND GUARDIAN,BG,EVEREST,4,0
579,HIGHLAND GUARDIAN,BG,SEYMOUR,4,0
580,SKANDI MARSTEIN,ANASURIA,TEAL SOUTH,1,1
581,SKANDI BARRA,TOTAL,ELGIN,1,1
582,NAO STORM,SHELL,MERGANSER,1,1
583,SKANDI FOULA,SHELL,GANNET A,2,1
584,TROMS LYRA,PREMIER,HUNTINGTON,4,1
585,BEN NEVIS,SHELL,GANNET A,1,1
586,HAVILA COMMANDER,TOTAL,ELGIN,1,1
587,PACIFIC LEGEND,SHELL,MERGANSER,1,1
588,FS CYGNUS,ENQUEST,GROUSE,3,1
589,FS CYGNUS,ENQUEST,KITTIWAKE,3,1
590,GRAMPIAN TALISMAN,BP,MARNOCK-SKUA (oil),6,1
591,GRAMPIAN TALISMAN,BP,MIRREN,6,1
592,GRAMPIAN TALISMAN,BP,MARNOCK-SKUA (cond),6,1
593,GRAMPIAN TALISMAN,REPSOL,BRECHIN,6,0
594,GRAMPIAN TALISMAN,BP,MONAN,6,1
595,SKANDI BARRA,TOTAL,ELGIN,1,1
596,TROMS LYRA,CENTRICA,CHESTNUT,3,0
597,SKANDI FOULA,SHELL,GANNET A,5,1
598,SKANDI FOULA,ENTERPRISE,NELSON,5,0
599,SKANDI FOULA,BG,HAWKINS,5,0
600,SKANDI FOULA,BG,EVEREST,5,0
601,SKANDI FOULA,BG,SEYMOUR,5,0
602,MAKALU,SHELL,MERGANSER,1,1
603,EDDA FERD,ENTERPRISE,NELSON,3,1
604,GRAMPIAN TALISKER,BP,MARNOCK-SKUA (cond),5,1
605,GRAMPIAN TALISKER,CENTRICA,CHESTNUT,5,0
606,GRAMPIAN TALISKER,REPSOL,BRECHIN,5,0
607,E.R.GEORGINA,SHELL,MERGANSER,3,1
608,E.R.GEORGINA,SHELL,HERON,3,1
609,E.R.GEORGINA,BP,MIRREN,3,0
610,NAO STORM,SHELL,MERGANSER,1,1
611,OCEAN TROLL,SHELL,GANNET E,17,1
612,OCEAN TROLL,REPSOL,GODWIN,17,0
613,OCEAN TROLL,ENQUEST,MALLARD,17,0
614,OCEAN TROLL,SHELL,GANNET D,17,1
615,OCEAN TROLL,ANASURIA,TEAL SOUTH,17,0
616,OCEAN TROLL,REPSOL,SHAW,17,0
617,OCEAN TROLL,ANASURIA,GUILLEMOT A,17,0
618,OCEAN TROLL,REPSOL,ARBROATH,17,0
619,OCEAN TROLL,REPSOL,CAYLEY,17,0
620,OCEAN TROLL,ITHACA,COOK,17,0
621,OCEAN TROLL,ENQUEST,GADWALL,17,0
622,OCEAN TROLL,ANASURIA,TEAL,17,0
623,OCEAN TROLL,DANA,GUILLEMOT WEST,17,0
624,OCEAN TROLL,SHELL,GANNET G,17,1
625,OCEAN TROLL,REPSOL,CARNOUSTIE,17,0
626,BRAGE TRADER,REPSOL,MONTROSE,5,1
627,BRAGE TRADER,REPSOL,GODWIN,5,1
628,BRAGE TRADER,REPSOL,ARBROATH,5,1
629,BRAGE TRADER,REPSOL,WOOD,5,1
630,BRAGE TRADER,REPSOL,CARNOUSTIE,5,1
631,FS CYGNUS,ENQUEST,KITTIWAKE,2,1
632,FS PEGASUS,NEXEN,BUZZARD,3,1
633,FS PEGASUS,NEXEN,GOLDEN EAGLE,3,1
634,VESTLAND INSULA,APACHE,MAULE,8,1
635,VESTLAND INSULA,APACHE,FORTIES,8,1
636,VESTLAND INSULA,APACHE,BRIMMOND,8,1
637,TROMS LYRA,PREMIER,HUNTINGTON,3,1
638,TROMS LYRA,REPSOL,WOOD,3,0
639,VOS PACE,ANASURIA,TEAL,3,1
640,VOS PACE,ANASURIA,TEAL SOUTH,3,1
641,HAVILA COMMANDER,TOTAL,ELGIN,1,1
642,CALEDONIAN VIGILANCE,BP,MARNOCK-SKUA (cond),4,1
643,CALEDONIAN VIGILANCE,REPSOL,BRECHIN,4,0
644,PACIFIC LEGEND,SHELL,MERGANSER,1,1
645,SKANDI FOULA,SHELL,GANNET A,4,1
646,SKANDI FOULA,ENTERPRISE,NELSON,4,0
647,SKANDI FOULA,BG,EVEREST,4,0
648,SKANDI FOULA,BG,SEYMOUR,4,0
649,OLYMPUS,PREMIER,HUNTINGTON,2,1
650,OLYMPUS,CENTRICA,CHESTNUT,2,0
651,GRAMPIAN TALISMAN,BP,MARNOCK-SKUA (cond),1,1
652,SKANDI BARRA,TOTAL,ELGIN,1,1
653,MAKALU,SHELL,MERGANSER,1,1
654,VOS SENTINEL,REPSOL,BUCHAN,1,1
655,PACIFIC LEADER,TOTAL,ELGIN,1,1
656,SENTINEL RANGER,NEXEN,BUZZARD,6,0
657,SENTINEL RANGER,NEXEN,GOLDEN EAGLE,6,0
658,VOS PACE,BG,EVEREST,2,0
659,PACIFIC LEGEND,SHELL,MERGANSER,1,1
660,PACIFIC LEGEND,SHELL,MERGANSER,2,1
661,FS PEGASUS,NEXEN,BUZZARD,1,1
662,KL BARENTSFJORD,ENQUEST,KITTIWAKE,1,1
663,NORTH PROMISE,SHELL,GANNET A,2,1
664,GRAMPIAN TALISKER,CENTRICA,CHESTNUT,3,0
665,HAVILA COMMANDER,TOTAL,ELGIN,1,1
666,OLYMPUS,CENTRICA,CHESTNUT,1,1
667,HIGHLAND GUARDIAN,BG,SEYMOUR,1,1
668,SKANDI BARRA,TOTAL,ELGIN,1,1
669,CALEDONIAN VIGILANCE,BP,MARNOCK-SKUA (cond),3,1
670,SAYAN PRINCESS,PREMIER,HUNTINGTON,2,1
671,NORTH PROMISE,SHELL,GANNET A,1,1
672,E.R.GEORGINA,SHELL,MERGANSER,1,1
673,OCEAN TROLL,SHELL,GANNET E,7,1
674,OCEAN TROLL,SHELL,GANNET F,7,1
675,OCEAN TROLL,SHELL,GANNET C,7,1
676,OCEAN TROLL,TOTAL,ELGIN,7,0
677,OCEAN TROLL,ANASURIA,TEAL SOUTH,7,0
678,MAKALU,SHELL,MERGANSER,1,1
679,EDDA FERD,SHELL,GANNET A,3,1
680,EDDA FERD,BG,SEYMOUR,3,0
681,EDDA FERD,SHELL,GANNET G,3,1
682,GRAMPIAN TALISMAN,BP,MIRREN,2,1
683,GRAMPIAN TALISMAN,BP,MARNOCK-SKUA (cond),2,1
684,VOS SENTINEL,REPSOL,BUCHAN,1,1
685,EDDA FERD,SHELL,GANNET A,1,1
686,STANDARD VIKING,CENTRICA,CHESTNUT,5,0
687,CALEDONIAN VIGILANCE,BP,MARNOCK-SKUA (cond),4,1
688,SKANDI MARSTEIN,ANASURIA,TEAL SOUTH,1,1
689,SKANDI RONA,SHELL,GANNET A,2,1
690,SKANDI RONA,ENTERPRISE,NELSON,2,0
691,HAVILA COMMANDER,TOTAL,ELGIN,1,1
692,MAKALU,SHELL,MERGANSER,1,1
693,E.R.GEORGINA,SHELL,MERGANSER,1,1
694,SKANDI CALEDONIA,BP,MARNOCK-SKUA (cond),2,0
695,SKANDI BARRA,TOTAL,ELGIN,1,1
696,EDDA FERD,ENTERPRISE,NELSON,5,1
697,EDDA FERD,BG,SEYMOUR,5,0
698,SKANDI FOULA,SHELL,GANNET A,2,1
699,SKANDI RONA,TOTAL,ELGIN,1,1
700,SENTINEL RANGER,NEXEN,GOLDEN EAGLE,5,0
701,SKANDI BARRA,TOTAL,ELGIN,2,1
702,EDDA FERD,ENTERPRISE,NELSON,4,1
703,EDDA FERD,BG,EVEREST,4,0
704,EDDA FERD,BG,SEYMOUR,4,0
705,KL SANDEFJORD,TOTAL,ELGIN,2,1
706,SEA TITUS,CENTRICA,CHESTNUT,2,1
707,VOS PACE,ANASURIA,TEAL SOUTH,2,1
708,E.R.GEORGINA,SHELL,MERGANSER,1,1
709,GRAMPIAN TALISMAN,BP,MIRREN,4,1
710,GRAMPIAN TALISMAN,BP,MARNOCK-SKUA (cond),4,1
711,GRAMPIAN TALISMAN,BP,MONAN,4,1
712,EDDA FERD,BG,FLEMING,5,1
713,EDDA FERD,SHELL,GANNET A,5,0
714,EDDA FERD,ENTERPRISE,NELSON,5,0
715,EDDA FERD,BG,EVEREST,5,1
716,EDDA FERD,BG,SEYMOUR,5,1
717,BEN NEVIS,SHELL,GANNET A,1,1
718,SKANDI BARRA,TOTAL,ELGIN,1,1
719,CALEDONIAN VIGILANCE,BP,MARNOCK-SKUA (cond),2,1
720,PACIFIC LEGEND,SHELL,MERGANSER,1,1
721,SKANDI RONA,TOTAL,ELGIN,2,1
722,MAKALU,SHELL,MERGANSER,2,1
723,MAKALU,SHELL,HERON,2,1
724,VOS PACE,ANASURIA,TEAL SOUTH,2,1
725,HIGHLAND GUARDIAN,SHELL,GANNET A,1,1
726,SKANDI BARRA,TOTAL,ELGIN,2,1
727,NORTH PROMISE,BG,FLEMING,4,1
728,NORTH PROMISE,SHELL,GANNET A,4,0
729,NORTH PROMISE,ENTERPRISE,NELSON,4,0
730,NORTH PROMISE,BG,EVEREST,4,1
731,VIKING DYNAMIC,PREMIER,HUNTINGTON,3,1
732,HAVILA COMMANDER,TOTAL,ELGIN,1,1
733,HIGHLAND GUARDIAN,BG,EVEREST,1,1
734,E.R.GEORGINA,SHELL,MERGANSER,2,1
735,E.R.GEORGINA,SHELL,HERON,2,1
736,FUGRO SEARCHER,ENQUEST,GROUSE,7,0
737,FUGRO SEARCHER,ENQUEST,SCOLTY,7,0
738,FUGRO SEARCHER,ENQUEST,KITTIWAKE,7,0
739,MAERSK MASTER,TOTAL,ELGIN,1,1
740,PACIFIC LEGEND,SHELL,MERGANSER,2,1
741,PACIFIC LEGEND,SHELL,HERON,2,1
742,HAVILA COMMANDER,TOTAL,ELGIN,1,1
743,SKANDI RONA,TOTAL,ELGIN,2,1
744,SKANDI BARRA,TOTAL,ELGIN,1,1
745,E.R.GEORGINA,SHELL,MERGANSER,1,1
746,HIGHLAND GUARDIAN,BG,SEYMOUR,1,1
747,EDDA FERD,SHELL,GANNET A,2,1
748,GRAMPIAN TALISMAN,BP,MARNOCK-SKUA (oil),3,1
749,GRAMPIAN TALISMAN,BP,MARNOCK-SKUA (cond),3,1
750,GRAMPIAN TALISMAN,REPSOL,BRECHIN,3,0
751,OLYMPUS,CENTRICA,CHESTNUT,1,1
752,SKANDI MARSTEIN,BP,MARNOCK-SKUA (cond),1,1
753,PACIFIC LEGEND,SHELL,MERGANSER,3,1
754,PACIFIC LEGEND,SHELL,HERON,3,1
755,PACIFIC LEGEND,BP,MIRREN,3,0
756,HAVILA COMMANDER,TOTAL,ELGIN,1,1
757,HAVILA AURORA,TOTAL,ELGIN,1,1
758,SKANDI MARSTEIN,SHELL,MERGANSER,1,1
759,SKANDI BARRA,TOTAL,ELGIN,1,1
760,OLYMPUS,ANASURIA,TEAL SOUTH,1,1
761,VOS SENTINEL,REPSOL,BUCHAN,1,1
762,NORTH PROMISE,SHELL,GANNET A,4,1
763,NORTH PROMISE,REPSOL,CAYLEY,4,0
764,NORTH PROMISE,BG,EVEREST,4,0
765,NORTH PROMISE,BG,SEYMOUR,4,0
766,PACIFIC LEGEND,SHELL,MERGANSER,2,1
767,PACIFIC LEGEND,BP,MIRREN,2,0
768,E.R.GEORGINA,SHELL,MERGANSER,2,1
769,E.R.GEORGINA,SHELL,HERON,2,1
770,HIGHLAND GUARDIAN,TOTAL,ELGIN,3,1
771,SENTINEL RANGER,NEXEN,BUZZARD,5,0
772,SENTINEL RANGER,NEXEN,GOLDEN EAGLE,5,0
773,OLYMPIC ARES,BP,MARNOCK-SKUA (cond),3,0
774,HAVILA COMMANDER,TOTAL,ELGIN,2,1
775,MAKALU,SHELL,MERGANSER,3,1
776,MAKALU,BP,MIRREN,3,0
777,NORTH PROMISE,SHELL,GANNET A,1,1
778,SKANDI RONA,BG,SEYMOUR,1,1
779,SKANDI BARRA,TOTAL,ELGIN,2,1
780,GRAMPIAN TALISMAN,BP,MARNOCK-SKUA (cond),1,1
781,CALEDONIANVISION,BP,MARNOCK-SKUA (cond),4,1
782,HAVILA COMMANDER,TOTAL,ELGIN,1,1
783,E.R.GEORGINA,SHELL,MERGANSER,2,1
784,E.R.GEORGINA,SHELL,HERON,2,1
785,E.R.GEORGINA,SHELL,MERGANSER,1,1
786,SKANDI BARRA,TOTAL,ELGIN,1,1
787,HAVILA COMMANDER,TOTAL,ELGIN,1,1
788,CALEDONIAN VIGILANCE,BP,MARNOCK-SKUA (cond),3,0
789,NORTH PROMISE,ENTERPRISE,NELSON,2,1
790,NORTH PROMISE,BG,EVEREST,2,0
791,OLYMPUS,ANASURIA,TEAL SOUTH,1,1
792,VOS TRADER,ENQUEST,GOOSANDER,7,0
793,VOS TRADER,REPSOL,BUCHAN,7,0
794,VOS TRADER,ENQUEST,KITTIWAKE,7,0
795,STANDARD VIKING,PREMIER,HUNTINGTON,4,1
796,STANDARD VIKING,CENTRICA,CHESTNUT,4,0
797,SKANDI SKANSEN,ANASURIA,TEAL,1,1
798,NORTH CRUYS,SHELL,MERGANSER,2,1
799,NORTH CRUYS,SHELL,HERON,2,1
800,CALEDONIAN VIGILANCE,BP,MARNOCK-SKUA (cond),3,1
801,NORTH PROMISE,SHELL,GANNET A,2,1
802,NORTH PROMISE,BG,SEYMOUR,2,0
803,E.R.GEORGINA,SHELL,MERGANSER,1,1
804,SKANDI BARRA,TOTAL,ELGIN,1,1
805,OCEAN TROLL,SHELL,GANNET E,15,1
806,OCEAN TROLL,REPSOL,GODWIN,15,0
807,OCEAN TROLL,SHELL,GANNET C,15,1
808,OCEAN TROLL,SHELL,GANNET A,15,1
809,OCEAN TROLL,TOTAL,ELGIN,15,0
810,OCEAN TROLL,ANASURIA,TEAL SOUTH,15,0
811,OCEAN TROLL,REPSOL,ARKWRIGHT,15,0
812,OCEAN TROLL,REPSOL,MONTROSE,15,0
813,OCEAN TROLL,SHELL,EGRET,15,1
814,OCEAN TROLL,REPSOL,ARBROATH,15,0
815,OCEAN TROLL,ANASURIA,TEAL,15,0
816,OCEAN TROLL,REPSOL,CARNOUSTIE,15,0
817,OLYMPUS,ANASURIA,TEAL SOUTH,1,1
818,PACIFIC LEGEND,SHELL,MERGANSER,1,1
819,HAVILA COMMANDER,TOTAL,ELGIN,1,1
820,SKANDI BARRA,TOTAL,ELGIN,1,1
821,GRAMPIAN TALISMAN,BP,MARNOCK-SKUA (cond),2,1
822,GRAMPIAN TALISMAN,BP,MONAN,2,1
823,NORMAND FLIPPER,SHELL,MERGANSER,5,1
824,NORMAND FLIPPER,SHELL,EGRET,5,1
825,NORMAND FLIPPER,SHELL,HERON,5,1
826,STRIL ODIN,REPSOL,SHAW,4,0
827,PACIFIC LEGEND,SHELL,MERGANSER,1,1
828,HAVILA COMMANDER,TOTAL,ELGIN,1,1
829,STANDARD VIKING,CENTRICA,CHESTNUT,2,1
830,NORTH PROMISE,BG,EVEREST,1,1
831,VOS SENTINEL,REPSOL,TWEEDSMUIR SOUTH,2,1
832,VOS SENTINEL,REPSOL,BUCHAN,2,1
833,E.R.GEORGINA,SHELL,MERGANSER,1,1
834,SENTINEL RANGER,NEXEN,BUZZARD,7,0
835,SENTINEL RANGER,NEXEN,GOLDEN EAGLE,7,0
836,NORTH PROMISE,BG,FLEMING,1,1
837,BRAGE TRADER,NEXEN,BUZZARD,2,1
838,BRAGE TRADER,REPSOL,SHAW,2,0
839,OLYMPUS,CENTRICA,CHESTNUT,1,1
840,SCOTIA,CONOCOPHILLIPS,BRODGAR,14,0
841,SKANDI BARRA,TOTAL,ELGIN,1,1
842,HAVILA COMMANDER,TOTAL,ELGIN,2,1
843,CALEDONIAN VIGILANCE,BP,MARNOCK-SKUA (cond),5,1
844,PACIFIC LEGEND,SHELL,MERGANSER,1,1
845,ISLAND CHAMPION,CENTRICA,CHESTNUT,2,0
846,SKANDI BUCHAN,TOTAL,ELGIN,1,1
847,VOS PACE,ANASURIA,TEAL SOUTH,2,1
848,HIGHLAND GUARDIAN,SHELL,GANNET A,1,1
849,SKANDI BARRA,TOTAL,ELGIN,1,1
850,GRAMPIAN TALISMAN,BP,MARNOCK-SKUA (cond),2,1
851,SKANDI CARLA,APACHE,MAULE,8,1
852,SKANDI CARLA,APACHE,FORTIES,8,1
853,SKANDI SOTRA,APACHE,MAULE,4,1
854,MAKALU,SHELL,MERGANSER,4,1
855,MAKALU,SHELL,HERON,4,1
856,MAKALU,SHELL,GANNET A,4,1
857,MAKALU,BP,MIRREN,4,0
858,E.R.GEORGINA,SHELL,MERGANSER,1,1
859,STANDARD SUPPLIER,PREMIER,HUNTINGTON,5,1
860,STANDARD SUPPLIER,CENTRICA,CHESTNUT,5,0
861,OLYMPUS,ENQUEST,KITTIWAKE,1,1
862,HAVILA COMMANDER,TOTAL,ELGIN,3,1
863,HAVILA COMMANDER,BG,SEYMOUR,3,0
864,OCEAN TROLL,TOTAL,ELGIN,2,0
865,HIGHLAND GUARDIAN,SHELL,GANNET A,1,1
866,NORTH PROMISE,BG,EVEREST,1,1
867,CALEDONIANVISION,BP,MARNOCK-SKUA (cond),3,1
868,STANDARD SUPPLIER,PREMIER,HUNTINGTON,4,1
869,STANDARD SUPPLIER,CENTRICA,CHESTNUT,4,0
870,STANDARD PRINCESS,SHELL,MERGANSER,3,1
871,STANDARD PRINCESS,SHELL,HERON,3,1
872,STANDARD PRINCESS,BP,MIRREN,3,0
873,E.R.GEORGINA,SHELL,MERGANSER,1,1
874,STANDARD PRINCESS,PREMIER,HUNTINGTON,1,1
875,SKANDI BARRA,TOTAL,ELGIN,1,1
876,EDDA FERD,PREMIER,HUNTINGTON,2,1
877,E.R.GEORGINA,SHELL,MERGANSER,2,1
878,E.R.GEORGINA,BP,MIRREN,2,0
879,HAVILA COMMANDER,TOTAL,ELGIN,2,1
880,CALEDONIAN VIGILANCE,BP,MARNOCK-SKUA (cond),3,1
881,SKANDI BUCHAN,TOTAL,ELGIN,1,1
882,SKANDI RONA,TOTAL,ELGIN,2,1
883,NAO GUARDIAN,CENTRICA,CHESTNUT,1,1
884,SKANDI BARRA,TOTAL,ELGIN,1,1
885,HIGHLAND CHIEFTAIN,SHELL,GANNET F,3,1
886,HIGHLAND CHIEFTAIN,ANASURIA,TEAL SOUTH,3,0
887,OLYMPUS,PREMIER,HUNTINGTON,3,1
888,HIGHLAND GUARDIAN,NEXEN,GOLDEN EAGLE,2,1
889,VOS SENTINEL,REPSOL,BUCHAN,1,1
890,E.R.GEORGINA,SHELL,MERGANSER,1,1
891,SKANDI OLYMPIA,TOTAL,ELGIN,2,1
892,PORTLAND SENTINEL,NEXEN,BUZZARD,5,0
893,HAVILA COMMANDER,TOTAL,ELGIN,2,1
894,HIGHLAND GUARDIAN,SHELL,GANNET A,1,1
895,CALEDONIAN VIGILANCE,BP,MARNOCK-SKUA (cond),3,1
896,STANDARD VIKING,SHELL,GANNET F,1,1
897,NORTH PROMISE,SHELL,GANNET A,3,1
898,NORTH PROMISE,ENTERPRISE,NELSON,3,0
899,NORTH PROMISE,BG,HAWKINS,3,0
900,OLYMPUS,ANASURIA,TEAL SOUTH,1,1
901,E.R.GEORGINA,SHELL,MERGANSER,2,1
902,E.R.GEORGINA,SHELL,HERON,2,1
903,VOS PACE,BP,MARNOCK-SKUA (cond),3,1
904,VOS PACE,REPSOL,BRECHIN,3,0
905,SKANDI OLYMPIA,TOTAL,ELGIN,1,1
906,HAVILA COMMANDER,TOTAL,ELGIN,1,1
907,NORTH PROMISE,SHELL,GANNET A,2,1
908,NORTH PROMISE,SHELL,GANNET G,2,1
909,SKANDI BARRA,TOTAL,ELGIN,1,1
910,HIGHLAND GUARDIAN,ENTERPRISE,NELSON,2,1
911,EDT HERCULES,REPSOL,MONTROSE,5,1
912,EDT HERCULES,REPSOL,ARBROATH,5,1
913,EDT HERCULES,REPSOL,CARNOUSTIE,5,1
914,NAO STORM,ENQUEST,KITTIWAKE,1,1
915,HAVILA AURORA,CENTRICA,CHESTNUT,2,1
916,VOS PARTNER,SHELL,MERGANSER,1,1
917,CALEDONIAN VIGILANCE,BP,MARNOCK-SKUA (cond),4,1
918,SIEM BARRACUDA,ANASURIA,TEAL SOUTH,2,1
919,SIEM BARRACUDA,ANASURIA,TEAL,2,1
920,E.R.GEORGINA,SHELL,MERGANSER,1,1
921,SEA TITUS,TOTAL,ELGIN,2,1
922,HAVILA COMMANDER,TOTAL,ELGIN,1,1
923,STRIL ODIN,BG,SEYMOUR,1,1
924,OCEAN TROLL,SHELL,MERGANSER,8,1
925,OCEAN TROLL,REPSOL,MONTROSE,8,0
926,OCEAN TROLL,SHELL,GANNET F,8,1
927,OCEAN TROLL,REPSOL,ARBROATH,8,0
928,OCEAN TROLL,SHELL,GANNET A,8,1
929,OCEAN TROLL,TOTAL,ELGIN,8,0
930,OCEAN TROLL,REPSOL,CARNOUSTIE,8,0
931,E.R.GEORGINA,SHELL,MERGANSER,1,1
932,SKANDI BUCHAN,TOTAL,ELGIN,1,1
933,OLYMPIC ARES,ENQUEST,GROUSE,5,0
934,SKANDI RONA,SHELL,GANNET A,1,1
935,GRAMPIAN TALISMAN,BP,MIRREN,2,1
936,GRAMPIAN TALISMAN,BP,MARNOCK-SKUA (cond),2,1
937,OCEAN RELIANCE,CONOCOPHILLIPS,ENOCHDHU,4,1
938,SKANDI OLYMPIA,TOTAL,ELGIN,6,1
939,STANDARD PRINCESS,CENTRICA,CHESTNUT,1,1
940,GRAMPIAN TALISKER,BP,MARNOCK-SKUA (cond),3,1
941,GRAMPIAN TALISKER,REPSOL,BRECHIN,3,0
942,SKANDI BARRA,TOTAL,ELGIN,1,1
943,HAVILA COMMANDER,TOTAL,ELGIN,1,1
944,HIGHLAND CHIEFTAIN,ANASURIA,TEAL SOUTH,1,1
945,STANDARD VIKING,SHELL,GANNET F,1,1
946,SEA TITUS,PREMIER,SHELLEY,4,1
947,E.R.GEORGINA,SHELL,MERGANSER,1,1
948,STANDARD PRINCESS,CENTRICA,CHESTNUT,1,1
949,FUGRO VENTURER,BP,MADOES,8,1
950,FUGRO VENTURER,BP,MIRREN,8,1
951,FUGRO VENTURER,BP,MARNOCK-SKUA (cond),8,1
952,FUGRO VENTURER,BP,MONAN,8,1
953,VOS SENTINEL,REPSOL,TWEEDSMUIR SOUTH,3,1
954,VOS SENTINEL,REPSOL,BUCHAN,3,1
955,VOS SENTINEL,REPSOL,TWEEDSMUIR,3,1
956,HIGHLAND GUARDIAN,BG,FLEMING,2,1
957,HIGHLAND GUARDIAN,ENTERPRISE,NELSON,2,0
958,HAVILA COMMANDER,TOTAL,ELGIN,2,1
959,E.R.GEORGINA,SHELL,MERGANSER,1,1
960,DEMAREST TIDE,PREMIER,HUNTINGTON,2,1
961,GRAMPIAN TALISMAN,BP,MIRREN,1,1
962,SKANDI BUCHAN,TOTAL,ELGIN,2,1
963,STRIL ODIN,SHELL,EGRET,1,1
964,SKANDI BARRA,TOTAL,ELGIN,1,1
965,HIGHLAND GUARDIAN,ENTERPRISE,NELSON,1,1
966,NORTH PROMISE,SHELL,GANNET A,1,1
967,DINA SCOUT,ANASURIA,TEAL SOUTH,1,1
968,HIGHLAND GUARDIAN,ENTERPRISE,NELSON,1,1
969,SKANDI BUCHAN,TOTAL,ELGIN,1,1
970,HAVILA COMMANDER,TOTAL,ELGIN,1,1
971,STANDARD PRINCESS,CENTRICA,CHESTNUT,1,1
972,E.R.GEORGINA,SHELL,MERGANSER,1,1
973,OCEAN TROLL,SHELL,MERGANSER,4,1
974,OCEAN TROLL,REPSOL,ARBROATH,4,0
975,OCEAN TROLL,REPSOL,CARNOUSTIE,4,0
976,MAERSK LASER,SHELL,EGRET,2,1
977,STANDARD VIKING,SHELL,GANNET F,2,1
978,NORMAND FORTUNE,SHELL,MERGANSER,5,1
979,NORMAND FORTUNE,SHELL,HERON,5,1
980,NORMAND FORTUNE,SHELL,SCOTER (oil),5,1
981,NORMAND FLIPPER,SHELL,GANNET A,4,1
982,NORMAND FLIPPER,NEXEN,BUZZARD,4,0
983,NORMAND FLIPPER,NEXEN,GOLDEN EAGLE,4,0
984,STANDARD PRINCESS,CENTRICA,CHESTNUT,1,1
985,CALEDONIANVISION,BP,MARNOCK-SKUA (cond),3,1
986,FAR SOLITAIRE,CENTRICA,CHESTNUT,1,1
987,SKANDI MARSTEIN,PREMIER,HUNTINGTON,1,1
